{
  "standard": {
    "gpt2_embd=512_layer=8_head=8": {
      "mean": [
        0.726759135723114,
        0.6869455575942993,
        0.6039080619812012,
        0.5755949020385742,
        0.4695720672607422,
        0.47001829743385315,
        0.4246371388435364,
        0.3851567804813385,
        0.3469277024269104,
        0.33493176102638245,
        0.2878265082836151,
        0.2568283677101135,
        0.26040542125701904,
        0.20673470199108124,
        0.1810545027256012,
        0.15994098782539368,
        0.13750217854976654,
        0.11961641162633896,
        0.08889931440353394,
        0.06542515009641647,
        0.04568241909146309,
        0.02901390753686428,
        0.021730374544858932,
        0.012858539819717407,
        0.011245506815612316,
        0.007914443500339985,
        0.0066057355143129826,
        0.005874096415936947,
        0.00496555445715785,
        0.00423973985016346,
        0.003903444856405258,
        0.003702225163578987,
        0.0036608329974114895,
        0.003422748763114214,
        0.00323304021731019,
        0.0030853361822664738,
        0.0029922244139015675,
        0.003135065780952573,
        0.0029882576782256365,
        0.0029993217904120684,
        0.0028153597377240658
      ],
      "std": [
        1.009104609489441,
        0.9810370802879333,
        0.8380520939826965,
        0.7658234238624573,
        0.7141100168228149,
        0.6789199113845825,
        0.6019366383552551,
        0.5629357099533081,
        0.5065333247184753,
        0.5473933815956116,
        0.45730847120285034,
        0.3990900218486786,
        0.3980189859867096,
        0.3300064206123352,
        0.3137969374656677,
        0.25597935914993286,
        0.23973077535629272,
        0.22122040390968323,
        0.16697245836257935,
        0.12814879417419434,
        0.08847619593143463,
        0.060991548001766205,
        0.04967605695128441,
        0.023614514619112015,
        0.029472991824150085,
        0.014669057913124561,
        0.012669420801103115,
        0.010600630193948746,
        0.007148404140025377,
        0.006324441637843847,
        0.005878903903067112,
        0.005291493609547615,
        0.004982905928045511,
        0.004728929605334997,
        0.004348461516201496,
        0.0041721174493432045,
        0.004038152750581503,
        0.004577029496431351,
        0.003880962496623397,
        0.004070113878697157,
        0.003446667455136776
      ],
      "bootstrap_low": [
        0.6825151443481445,
        0.6435914635658264,
        0.5667709112167358,
        0.539859414100647,
        0.4374869763851166,
        0.43846043944358826,
        0.39691442251205444,
        0.35995739698410034,
        0.32482728362083435,
        0.3108530044555664,
        0.26886940002441406,
        0.239389568567276,
        0.24335940182209015,
        0.1911928802728653,
        0.16710571944713593,
        0.14814023673534393,
        0.12752453982830048,
        0.1106044203042984,
        0.08121515810489655,
        0.05969921872019768,
        0.041936244815588,
        0.02647700347006321,
        0.01942320354282856,
        0.011883169412612915,
        0.009976966306567192,
        0.007226507179439068,
        0.006053523626178503,
        0.00537909846752882,
        0.0046468256041407585,
        0.003959231078624725,
        0.0036437970120459795,
        0.0034584100358188152,
        0.003440131200477481,
        0.003203074913471937,
        0.003025747835636139,
        0.0029015280306339264,
        0.0028130176942795515,
        0.002933527110144496,
        0.002817664761096239,
        0.0028192130848765373,
        0.002653236733749509
      ],
      "bootstrap_high": [
        0.7755738496780396,
        0.7337689995765686,
        0.6423016786575317,
        0.611639142036438,
        0.5032526850700378,
        0.5010029077529907,
        0.45377135276794434,
        0.41048669815063477,
        0.3696158528327942,
        0.3605489134788513,
        0.3104251027107239,
        0.27474960684776306,
        0.27898383140563965,
        0.2205192744731903,
        0.19577738642692566,
        0.17224544286727905,
        0.14894524216651917,
        0.13041317462921143,
        0.09670256078243256,
        0.07174315303564072,
        0.04980114847421646,
        0.031981319189071655,
        0.02416927181184292,
        0.014027115888893604,
        0.012691669166088104,
        0.008589794859290123,
        0.0072274887934327126,
        0.006383525673300028,
        0.005287082865834236,
        0.004524771124124527,
        0.004185267724096775,
        0.003937806002795696,
        0.003908173181116581,
        0.0036369748413562775,
        0.0034439072478562593,
        0.003300099866464734,
        0.0031839925795793533,
        0.003336044494062662,
        0.0031668555457144976,
        0.0031862433534115553,
        0.0029703816398978233
      ]
    }
  }
}