{
  "standard": {
    "gpt2_embd=512_layer=8_head=8": {
      "mean": [
        0.4954706132411957,
        0.2670036554336548,
        0.03292280435562134,
        0.005198013037443161,
        0.0006680953083559871,
        0.00037484639324247837,
        0.00039149579242803156,
        0.00017995378584600985,
        0.00012029365461785346,
        0.00010286721953889355,
        9.057643183041364e-05,
        8.795422036200762e-05,
        8.076291851466522e-05,
        6.799049151595682e-05,
        7.322120654862374e-05,
        6.340254185488448e-05,
        6.322601984720677e-05,
        5.6785414926707745e-05,
        7.114233449101448e-05,
        6.559710891451687e-05,
        5.861492900294252e-05,
        6.816005770815536e-05,
        5.520773265743628e-05,
        6.590627890545875e-05,
        5.509700713446364e-05,
        5.956952736596577e-05,
        7.547128916485235e-05,
        6.8908731918782e-05,
        6.910492811584845e-05,
        6.687656423309818e-05,
        7.422945054713637e-05,
        7.828483649063855e-05,
        6.90930537530221e-05,
        7.268676563398913e-05,
        5.494768265634775e-05,
        6.477288843598217e-05,
        6.353132630465552e-05,
        7.241689309012145e-05,
        5.4014944907976314e-05,
        7.666808232897893e-05,
        6.236458284547552e-05
      ],
      "std": [
        0.3566349744796753,
        0.30971580743789673,
        0.1284145563840866,
        0.07489410787820816,
        0.003937124274671078,
        0.0013783422764390707,
        0.002290658187121153,
        0.0005949169280938804,
        0.0003797403478529304,
        0.00035397830652073026,
        0.00027106842026114464,
        0.0002656966680660844,
        0.0003025248588528484,
        0.00020721250621136278,
        0.00024744230904616416,
        0.00015887015615589917,
        0.00020567198225762695,
        0.00015926273772493005,
        0.0002425370184937492,
        0.00020610239880625159,
        0.00019220125977881253,
        0.0001913762534968555,
        0.00014518896932713687,
        0.00025876984000205994,
        0.0001218681427417323,
        0.00021584764181170613,
        0.00025371671654284,
        0.00020488612062763423,
        0.00031762418802827597,
        0.0004705193277914077,
        0.0004215026565361768,
        0.0006738946540281177,
        0.00040598405757918954,
        0.0003192936419509351,
        0.00013907566608395427,
        0.00023640265862923115,
        0.00018076338164974004,
        0.0002483069838490337,
        0.00015347322914749384,
        0.00047160734538920224,
        0.00019402879115659744
      ],
      "bootstrap_low": [
        0.4788702130317688,
        0.2526116371154785,
        0.027433056384325027,
        0.002438618103042245,
        0.0005116192041896284,
        0.00031134113669395447,
        0.0002933496725745499,
        0.00015364636783488095,
        0.00010442394705023617,
        8.727266686037183e-05,
        7.784248737152666e-05,
        7.621955592185259e-05,
        6.797860260121524e-05,
        5.849640001542866e-05,
        6.225231481948867e-05,
        5.6065218814183027e-05,
        5.430755118140951e-05,
        5.003442129236646e-05,
        6.0662270698230714e-05,
        5.628256985801272e-05,
        5.043936107540503e-05,
        5.965712989564054e-05,
        4.899836494587362e-05,
        5.5426011385861784e-05,
        4.9518632295075804e-05,
        5.020874596084468e-05,
        6.436229159589857e-05,
        5.9428341046441346e-05,
        5.6724431487964466e-05,
        5.064096694695763e-05,
        5.818827776238322e-05,
        5.514773147297092e-05,
        5.437164873001166e-05,
        5.9407764638308436e-05,
        4.874599471804686e-05,
        5.4060539696365595e-05,
        5.5219676141859964e-05,
        6.174398731673136e-05,
        4.74830849270802e-05,
        5.71877826587297e-05,
        5.379022331908345e-05
      ],
      "bootstrap_high": [
        0.5114631652832031,
        0.2812924385070801,
        0.03910594433546066,
        0.008960036560893059,
        0.0008601026493124664,
        0.0004404757055453956,
        0.0004968723515048623,
        0.00021012010984122753,
        0.0001385097421007231,
        0.00011894923954969272,
        0.00010352806566515937,
        9.989602403948084e-05,
        9.436998516321182e-05,
        7.791959069436416e-05,
        8.562282891944051e-05,
        7.070430729072541e-05,
        7.284904859261587e-05,
        6.373629730660468e-05,
        8.273070125142112e-05,
        7.582623220514506e-05,
        6.805987504776567e-05,
        7.683206058572978e-05,
        6.255698099266738e-05,
        7.867958629503846e-05,
        6.0764043155359104e-05,
        6.941882747923955e-05,
        8.912729390431195e-05,
        7.909106352599338e-05,
        8.6435247794725e-05,
        9.220301581081003e-05,
        9.756676445249468e-05,
        0.00011334797454765067,
        9.221579966833815e-05,
        8.791396248852834e-05,
        6.198035407578573e-05,
        7.578541408292949e-05,
        7.232646748889238e-05,
        8.422006067121401e-05,
        6.125187064753845e-05,
        0.00010162972466787323,
        7.173775520641357e-05
      ]
    }
  }
}