{
  "standard": {
    "mamba_embd=512_layer=8": {
      "mean": [
        0.5005611181259155,
        0.27095234394073486,
        0.03915992006659508,
        0.002634922042489052,
        0.0018866474274545908,
        0.0005987674230709672,
        0.0003968279925175011,
        0.0002996369730681181,
        0.00016415913705714047,
        0.00015440460992977023,
        0.00013801592285744846,
        0.00012081694148946553,
        0.00010751855006674305,
        8.328021795023233e-05,
        0.00010811199899762869,
        8.054904901655391e-05,
        7.931941217975691e-05,
        7.237888348754495e-05,
        6.776890222681686e-05,
        6.376114470185712e-05,
        6.893319368828088e-05,
        6.723083060933277e-05,
        6.818006659159437e-05,
        5.690745456377044e-05,
        5.984023300698027e-05,
        6.155330629553646e-05,
        5.654459891957231e-05,
        5.326388782123104e-05,
        5.11029502376914e-05,
        6.026236223988235e-05,
        5.83250293857418e-05,
        6.0138740082038566e-05,
        5.791450530523434e-05,
        5.11946200276725e-05,
        4.927984991809353e-05,
        5.96731151745189e-05,
        4.7214860387612134e-05,
        4.6099932660581544e-05,
        4.915118915960193e-05,
        4.416191950440407e-05,
        4.5826433051843196e-05
      ],
      "std": [
        0.3564005196094513,
        0.3331957757472992,
        0.15087644755840302,
        0.013647602871060371,
        0.018807049840688705,
        0.003561270423233509,
        0.004694512113928795,
        0.0016832182882353663,
        0.00044431601418182254,
        0.0004175671492703259,
        0.00047454581363126636,
        0.0005154897808097303,
        0.00033807431464083493,
        0.00020572332141455263,
        0.00037582384538836777,
        0.00022870667453389615,
        0.00020273633708711714,
        0.00022094797168392688,
        0.0001826941588660702,
        0.000168029815540649,
        0.00016116036567837,
        0.000209804653422907,
        0.0002260034962091595,
        0.00013169781595934182,
        0.0001967048883670941,
        0.0001876191672636196,
        0.0001982548856176436,
        0.00013378183939494193,
        0.0001539636723464355,
        0.00030480659916065633,
        0.0001971017918549478,
        0.0001807562803151086,
        0.0001964837865671143,
        0.00012169461115263402,
        9.8919786978513e-05,
        0.0002552416699472815,
        0.00010418351303087547,
        0.00011424361582612619,
        0.00020381614740472287,
        0.00010017454042099416,
        0.00012694974429905415
      ],
      "bootstrap_low": [
        0.48457303643226624,
        0.25553426146507263,
        0.032317131757736206,
        0.0020564349833875895,
        0.0011369127314537764,
        0.0004516732005868107,
        0.0002445788122713566,
        0.0002315034216735512,
        0.00014565492165274918,
        0.00013551957090385258,
        0.00011776620522141457,
        9.868024062598124e-05,
        9.300149395130575e-05,
        7.469204865628853e-05,
        9.263956599170342e-05,
        7.046780956443399e-05,
        7.095820910762995e-05,
        6.273350300034508e-05,
        5.9746758779510856e-05,
        5.634418994304724e-05,
        6.166855018818751e-05,
        5.801629231427796e-05,
        5.843182952958159e-05,
        5.090441118227318e-05,
        5.146003604750149e-05,
        5.3650444897357374e-05,
        4.7942372475517914e-05,
        4.7164921852527186e-05,
        4.446043021744117e-05,
        4.7457560867769644e-05,
        4.9597925681155175e-05,
        5.2197487093508244e-05,
        4.9824349844129756e-05,
        4.568446456687525e-05,
        4.4604104914469644e-05,
        4.929453643853776e-05,
        4.253833685652353e-05,
        4.073114905622788e-05,
        4.1052069718716666e-05,
        3.9833619666751474e-05,
        4.039490522700362e-05
      ],
      "bootstrap_high": [
        0.5176581144332886,
        0.286511093378067,
        0.045951344072818756,
        0.0032973953057080507,
        0.00281723914667964,
        0.000776011380366981,
        0.0006562697235494852,
        0.0003820272977463901,
        0.0001850049739005044,
        0.0001738958089845255,
        0.00016082727233879268,
        0.00014587420446332544,
        0.00012517048162408173,
        9.375336958328262e-05,
        0.00012567589874379337,
        9.111007966566831e-05,
        8.905417053028941e-05,
        8.363511005882174e-05,
        7.796195859555155e-05,
        7.237344107124954e-05,
        7.626025762874633e-05,
        7.819609163561836e-05,
        7.942108641145751e-05,
        6.296740320976824e-05,
        7.004205690464005e-05,
        7.023156649665907e-05,
        6.662360101472586e-05,
        5.973696170258336e-05,
        5.8813788200495765e-05,
        7.701983849983662e-05,
        6.686236156383529e-05,
        6.841098365839571e-05,
        6.863231828901917e-05,
        5.689210956916213e-05,
        5.3891206334810704e-05,
        7.114683830877766e-05,
        5.2146999223623425e-05,
        5.183282701182179e-05,
        6.0014754126314074e-05,
        4.903645458398387e-05,
        5.232529292698018e-05
      ]
    }
  }
}