{
  "standard": {
    "mamba_embd=512_layer=8": {
      "mean": [
        0.7468855381011963,
        0.6533085107803345,
        0.5949540734291077,
        0.560418426990509,
        0.48905640840530396,
        0.4209617078304291,
        0.4147554337978363,
        0.3867219388484955,
        0.3752162456512451,
        0.2921636998653412,
        0.297794371843338,
        0.267768919467926,
        0.2464723140001297,
        0.20598869025707245,
        0.19251969456672668,
        0.18005293607711792,
        0.13733923435211182,
        0.1266442835330963,
        0.10049734264612198,
        0.07698581367731094,
        0.0626116693019867,
        0.04999581351876259,
        0.04335635527968407,
        0.03059552051126957,
        0.025915062054991722,
        0.021682973951101303,
        0.015027878805994987,
        0.013240285217761993,
        0.012168771587312222,
        0.008902437053620815,
        0.0089485514909029,
        0.007649657316505909,
        0.007048723287880421,
        0.005970904603600502,
        0.0059287152253091335,
        0.00543107558041811,
        0.005458028521388769,
        0.005063150078058243,
        0.004816004540771246,
        0.004431545734405518,
        0.00389506621286273
      ],
      "std": [
        1.0834492444992065,
        0.8981887102127075,
        0.8664003014564514,
        0.7463772296905518,
        0.6703004240989685,
        0.6160642504692078,
        0.6375969052314758,
        0.5549894571304321,
        0.577887237071991,
        0.43958941102027893,
        0.4687578082084656,
        0.44903090596199036,
        0.36884111166000366,
        0.3148002326488495,
        0.3147622346878052,
        0.316895991563797,
        0.22941413521766663,
        0.2032051831483841,
        0.17439278960227966,
        0.12918585538864136,
        0.10252152383327484,
        0.09279044717550278,
        0.08785219490528107,
        0.06283515691757202,
        0.053437650203704834,
        0.03744132071733475,
        0.02931966818869114,
        0.024333560839295387,
        0.02238679863512516,
        0.015017513185739517,
        0.0172040443867445,
        0.015520937740802765,
        0.012472571805119514,
        0.009697129018604755,
        0.010618837550282478,
        0.00897909514605999,
        0.009318746626377106,
        0.008540745824575424,
        0.00815670657902956,
        0.007021509576588869,
        0.005953033920377493
      ],
      "bootstrap_low": [
        0.695209801197052,
        0.6083364486694336,
        0.5578463673591614,
        0.5275699496269226,
        0.4569820761680603,
        0.39287418127059937,
        0.38834983110427856,
        0.36136457324028015,
        0.35142821073532104,
        0.27172279357910156,
        0.27728667855262756,
        0.24739357829093933,
        0.22859688103199005,
        0.19146272540092468,
        0.17832009494304657,
        0.16535227000713348,
        0.1268475353717804,
        0.11709871143102646,
        0.09257751703262329,
        0.07123928517103195,
        0.0578661784529686,
        0.0458655059337616,
        0.039469026029109955,
        0.02788042649626732,
        0.023477276787161827,
        0.020026033744215965,
        0.013741163536906242,
        0.012224219739437103,
        0.011222586035728455,
        0.008159635588526726,
        0.008201705291867256,
        0.006962633226066828,
        0.006498321890830994,
        0.005524684675037861,
        0.0054146479815244675,
        0.00501285633072257,
        0.005044899880886078,
        0.004689751658588648,
        0.0044404929503798485,
        0.004126456566154957,
        0.003638832364231348
      ],
      "bootstrap_high": [
        0.7932807207107544,
        0.6977487802505493,
        0.6367555856704712,
        0.5961054563522339,
        0.5200861096382141,
        0.447523295879364,
        0.44540318846702576,
        0.4118761122226715,
        0.40438374876976013,
        0.3121569752693176,
        0.3192872107028961,
        0.2875259220600128,
        0.2644226551055908,
        0.22114232182502747,
        0.20726044476032257,
        0.19378769397735596,
        0.1487666815519333,
        0.1359488070011139,
        0.10854216665029526,
        0.08352068066596985,
        0.06731384992599487,
        0.054533351212739944,
        0.047721706330776215,
        0.033478908240795135,
        0.02853531762957573,
        0.02342631295323372,
        0.01637371815741062,
        0.014462125487625599,
        0.013214180245995522,
        0.00964916218072176,
        0.009745628573000431,
        0.008384117856621742,
        0.007628823630511761,
        0.006456250790506601,
        0.006438653916120529,
        0.005843001417815685,
        0.005862927995622158,
        0.005483560264110565,
        0.005197261460125446,
        0.0047533451579511166,
        0.004169789142906666
      ]
    }
  }
}